{
  "artifact_id": "source_artifact_db0c274b8aecfdca",
  "byte_size": 9264,
  "columns": [
    "study",
    "analysis",
    "ori_ML2analysis",
    "ori_stattype",
    "ori_N",
    "ori_N_weird",
    "ori_n1_weird",
    "ori_n2_weird",
    "ori_N_lessweird",
    "ML2_test",
    "ML2_stattype",
    "ML2_estimate",
    "ML2_estimate1",
    "ML2_estimate2",
    "ML2_teststat",
    "ML2_N",
    "ML2_n1",
    "ML2_n2",
    "ML2_df",
    "ML2_pval",
    "ML2_sd.1",
    "ML2_sd.2",
    "ML2_d",
    "ML2_r",
    "ML2_OR",
    "ML2_Q",
    "N_ML2_pval",
    "N_ori_pval",
    "N_2.5ori_pval",
    "N_50each_pval"
  ],
  "estimated_data_rows": 28,
  "file_name": "table5data_RM.csv",
  "file_type": "csv",
  "local_path": "data/raw/replication_projects/ml2/table5data_RM.csv",
  "parent_corpus_database_id": "many_labs_2 | doi:10.1177/2515245918810225",
  "preview_rows": [
    {
      "ML2_N": 6591,
      "ML2_OR": 2.05557,
      "ML2_Q": null,
      "ML2_d": 0.39726,
      "ML2_df": 6554.0501647338,
      "ML2_estimate": 34.4020012029,
      "ML2_estimate1": 11.7034427571,
      "ML2_estimate2": -22.6985584458,
      "ML2_n1": 3331,
      "ML2_n2": 3260.0,
      "ML2_pval": 2.146218627e-57,
      "ML2_r": 0.19484,
      "ML2_sd.1": 84.3149764455,
      "ML2_sd.2": 88.7756118354,
      "ML2_stattype": "t",
      "ML2_test": "Welch Two Sample t-test",
      "ML2_teststat": 16.1248652948,
      "N_2.5ori_pval": 0.0054668461,
      "N_50each_pval": 0.0497929144,
      "N_ML2_pval": 0.0,
      "N_ori_pval": 0.0795331126,
      "analysis": "Huang.1",
      "ori_ML2analysis": "Huang.3",
      "ori_N": 80,
      "ori_N_lessweird": null,
      "ori_N_weird": 80,
      "ori_n1_weird": 40,
      "ori_n2_weird": 40.0,
      "ori_stattype": "t",
      "study": "Direction & SES (Huang et al., 2014)"
    },
    {
      "ML2_N": 6506,
      "ML2_OR": 0.95857,
      "ML2_Q": null,
      "ML2_d": -0.02333,
      "ML2_df": 6498.630431389,
      "ML2_estimate": -0.0331268364,
      "ML2_estimate1": 5.4759865402,
      "ML2_estimate2": 5.5091133766,
      "ML2_n1": 3269,
      "ML2_n2": 3237.0,
      "ML2_pval": 0.3467815839,
      "ML2_r": -0.01167,
      "ML2_sd.1": 1.4471388307,
      "ML2_sd.2": 1.3923495128,
      "ML2_stattype": "t",
      "ML2_test": "Welch Two Sample t-test",
      "ML2_teststat": -0.9409185303,
      "N_2.5ori_pval": 0.8801962374,
      "N_50each_pval": 0.907376133,
      "N_ML2_pval": 0.34679877,
      "N_ori_pval": 0.92423432,
      "analysis": "Kay.1",
      "ori_ML2analysis": "Kay.1",
      "ori_N": 67,
      "ori_N_lessweird": null,
      "ori_N_weird": 67,
      "ori_n1_weird": 33,
      "ori_n2_weird": 34.0,
      "ori_stattype": "t",
      "study": "Structure & Goal Pursuit (Kay et al., 2014)"
    },
    {
      "ML2_N": 6935,
      "ML2_OR": 0.94213,
      "ML2_Q": null,
      "ML2_d": -0.03287,
      "ML2_df": 6933.0,
      "ML2_estimate": null,
      "ML2_estimate1": 1.0339861751,
      "ML2_estimate2": 1.0623736645,
      "ML2_n1": 3463,
      "ML2_n2": 3472.0,
      "ML2_pval": 0.1712150509,
      "ML2_r": -0.01643,
      "ML2_sd.1": 0.8700231556,
      "ML2_sd.2": 0.8574565968,
      "ML2_stattype": "t",
      "ML2_test": "Two Sample t-test",
      "ML2_teststat": -1.3684517697,
      "N_2.5ori_pval": 0.8682218606,
      "N_50each_pval": 0.8697941247,
      "N_ML2_pval": 0.1711528801,
      "N_ori_pval": 0.9167531369,
      "analysis": "Alter.1",
      "ori_ML2analysis": "Alter.3",
      "ori_N": 41,
      "ori_N_lessweird": null,
      "ori_N_weird": 41,
      "ori_n1_weird": 20,
      "ori_n2_weird": 21.0,
      "ori_stattype": "t",
      "study": "Incidental Disfluency (Alter et al., 2007)"
    },
    {
      "ML2_N": 6966,
      "ML2_OR": 1.70029,
      "ML2_Q": 0.1458058781,
      "ML2_d": 0.29265,
      "ML2_df": 6966.0,
      "ML2_estimate": 0.1447813433,
      "ML2_estimate1": 0.1447813,
      "ML2_estimate2": null,
      "ML2_n1": 6966,
      "ML2_n2": null,
      "ML2_pval": 0.0,
      "ML2_r": 0.14478,
      "ML2_sd.1": 1.383283334,
      "ML2_sd.2": 0.7789301487,
      "ML2_stattype": "Z.f",
      "ML2_test": "Fisher r-to-Z transformed test for difference between 1 observed correlation and a hypothesized value.",
      "ML2_teststat": 12.1667120677,
      "N_2.5ori_pval": 0.0,
      "N_50each_pval": 0.3175112243,
      "N_ML2_pval": 0.0,
      "N_ori_pval": 4.118e-07,
      "analysis": "Graham.1",
      "ori_ML2analysis": "Graham.1",
      "ori_N": 1209,
      "ori_N_lessweird": null,
      "ori_N_weird": 1209,
      "ori_n1_weird": 1209,
      "ori_n2_weird": null,
      "ori_stattype": "t.r",
      "study": "Moral Foundations (Graham et al., 2009)"
    },
    {
      "ML2_N": 7218,
      "ML2_OR": 0.8652,
      "ML2_Q": null,
      "ML2_d": -0.07983,
      "ML2_df": null,
      "ML2_estimate": 0.865196435,
      "ML2_estimate1": null,
      "ML2_estimate2": null,
      "ML2_n1": 3725,
      "ML2_n2": 3493.0,
      "ML2_pval": 0.0021945683,
      "ML2_r": -0.03988,
      "ML2_sd.1": null,
      "ML2_sd.2": null,
      "ML2_stattype": "OR",
      "ML2_test": "Two-sided Fisher's Exact Test (usual method using minimum likelihood)",
      "ML2_teststat": null,
      "N_2.5ori_pval": 0.7351097445,
      "N_50each_pval": null,
      "N_ML2_pval": 0.0021336429,
      "N_ori_pval": 0.8305605581,
      "analysis": "Rottenstreich.1",
      "ori_ML2analysis": "Rottenstreich.1",
      "ori_N": 40,
      "ori_N_lessweird": null,
      "ori_N_weird": 40,
      "ori_n1_weird": 20,
      "ori_n2_weird": 20.0,
      "ori_stattype": "X2",
      "study": "Affect & Risk (Rottenstreich & Hsee, 2001)"
    }
  ],
  "sample_kind": "delimited_table",
  "sample_row_count": 5,
  "sampled_at": "2026-05-02T13:08:14",
  "sha256": "7c144980be0a5e607e21f58f706388cfbb51509f91eb42d404f68fd88f7a72d1"
}