{
  "artifact_id": "source_artifact_29bdf70e3d2d227e",
  "byte_size": 12101,
  "file_name": "EERP_RProjects.xlsx",
  "file_type": "xlsx",
  "local_path": "data/raw/source_artifacts/figure1_acquisition/domain_search_osf_32ff619d7c35/source_artifact_29bdf70e3d2d227e__EERP_RProjects.xlsx",
  "parent_corpus_database_id": "domain_search_osf_32ff619d7c35",
  "sample_kind": "excel_workbook",
  "sampled_at": "2026-05-01T22:12:22",
  "sha256": "a1a1a6cd5bfb0f1387de7e7a35295e448e7cd1a55929e163d29452ef163d4096",
  "sheet_count": 1,
  "sheets": [
    {
      "columns": [
        "study",
        "project",
        "ro",
        "rr",
        "fiso",
        "fisr",
        "se_fiso",
        "se_fisr",
        "po",
        "pr",
        "po1",
        "pr1",
        "pm_belief",
        "nr",
        "no"
      ],
      "preview_rows": [
        {
          "fiso": 0.1849006979,
          "fisr": 0.0792357599,
          "no": 120.0,
          "nr": 318.0,
          "pm_belief": 0.696,
          "po": 0.0454995251,
          "po1": 0.0227497626,
          "pr": 0.1596364753,
          "pr1": 0.0798182377,
          "project": "Experimental Economics",
          "ro": 0.1828219756,
          "rr": 0.0790703532,
          "se_fiso": 0.0924500327,
          "se_fisr": 0.056343617,
          "study": "Abeler et al. (AER 2011)"
        },
        {
          "fiso": 0.3211193,
          "fisr": 0.2336999821,
          "no": 39.0,
          "nr": 119.0,
          "pm_belief": 0.692,
          "po": 0.0540150577,
          "po1": 0.0270075288,
          "pr": 0.011835015,
          "pr1": 0.0059175075,
          "project": "Experimental Economics",
          "ro": 0.3105186475,
          "rr": 0.229536357,
          "se_fiso": 0.1666666667,
          "se_fisr": 0.0928476691,
          "study": "Ambrus and Greiner (AER 2012)"
        },
        {
          "fiso": 0.9073333333,
          "fisr": 0.7882407814,
          "no": 12.0,
          "nr": 20.0,
          "pm_belief": 0.805,
          "po": 0.0064888142,
          "po1": 0.0032444071,
          "pr": 0.0011540501,
          "pr1": 0.000577025,
          "project": "Experimental Economics",
          "ro": 0.7198498757,
          "rr": 0.6574112883,
          "se_fiso": 0.3333333333,
          "se_fisr": 0.242535625,
          "study": "Bartling et al. (AER 2012)"
        },
        {
          "fiso": 0.4046766722,
          "fisr": 0.3803399803,
          "no": 43.0,
          "nr": 65.0,
          "pm_belief": 0.695,
          "po": 0.0104853018,
          "po1": 0.0052426509,
          "pr": 0.0027462485,
          "pr1": 0.0013731242,
          "project": "Experimental Economics",
          "ro": 0.3839433776,
          "rr": 0.3630026848,
          "se_fiso": 0.158113883,
          "se_fisr": 0.127000127,
          "study": "Charness and Dufwenberg (AER 2011)"
        },
        {
          "fiso": 1.2297560734,
          "fisr": 0.1718614664,
          "no": 6.0,
          "nr": 14.0,
          "pm_belief": 0.778,
          "po": 0.0331716134,
          "po1": 0.0165858067,
          "pr": 0.5686776981,
          "pr1": 0.284338849,
          "project": "Experimental Economics",
          "ro": 0.8425085577,
          "rr": 0.1701891668,
          "se_fiso": 0.5773502692,
          "se_fisr": 0.3015113446,
          "study": "Chen and Chen (AER 2011)"
        }
      ],
      "sample_row_count": 5,
      "sheet_name": "Sheet1"
    }
  ]
}