{
  "artifact_id": "source_artifact_3289f0989c92d28a",
  "byte_size": 4390,
  "columns": [
    "location",
    "source",
    "expert",
    "n_ms",
    "mean_ms",
    "sd_ms",
    "n_tv",
    "mean_tv",
    "sd_tv",
    "s_within",
    "d_diff",
    "t",
    "df",
    "p.value",
    "yi",
    "vi",
    "sitesource_label"
  ],
  "estimated_data_rows": 17,
  "file_name": "combinedresults1.csv",
  "file_type": "csv",
  "local_path": "data/raw/replication_projects/ml4/combinedresults1.csv",
  "parent_corpus_database_id": "corpus_db_ml4_public_site_results",
  "preview_rows": [
    {
      "d_diff": 0.4263524534,
      "df": 78.9542847179,
      "expert": 1,
      "location": "byui",
      "mean_ms": 2.65,
      "mean_tv": 1.7723577236,
      "n_ms": 40,
      "n_tv": 41,
      "p.value": 0.0586671673,
      "s_within": 2.0584900344,
      "sd_ms": 2.0575065816,
      "sd_tv": 2.0594484488,
      "sitesource_label": "Brigham Young University - Idaho",
      "source": "byui",
      "t": 1.9184624489,
      "vi": 0.0504910382,
      "yi": 0.4222897992
    },
    {
      "d_diff": 0.2198788714,
      "df": 114.6115315463,
      "expert": 1,
      "location": "cnj",
      "mean_ms": 1.5745614035,
      "mean_tv": 1.1751412429,
      "n_ms": 76,
      "n_tv": 59,
      "p.value": 0.2162046468,
      "s_within": 1.8165463465,
      "sd_ms": 1.6923345123,
      "sd_tv": 1.965561673,
      "sitesource_label": "The College of New Jersey",
      "source": "cnj",
      "t": 1.2435450986,
      "vi": 0.030284091,
      "yi": 0.2186362273
    },
    {
      "d_diff": 0.7350712143,
      "df": 85.4364121002,
      "expert": 0,
      "location": "illinois",
      "mean_ms": 0.6060606061,
      "mean_tv": -0.7851851852,
      "n_ms": 44,
      "n_tv": 45,
      "p.value": 0.0008379474,
      "s_within": 1.8926680357,
      "sd_ms": 1.9977671351,
      "sd_tv": 1.7839853744,
      "sitesource_label": "University of Illinois",
      "source": "illinois",
      "t": 3.4626670715,
      "vi": 0.0479327688,
      "yi": 0.7287130712
    },
    {
      "d_diff": -0.0276886439,
      "df": 73.4322025757,
      "expert": 0,
      "location": "ithaca",
      "mean_ms": 0.0555555556,
      "mean_tv": 0.1196581197,
      "n_ms": 42,
      "n_tv": 39,
      "p.value": 0.8999655869,
      "s_within": 2.3151211165,
      "sd_ms": 2.6686137878,
      "sd_tv": 1.8598358405,
      "sitesource_label": "Ithaca College",
      "source": "ithaca",
      "t": -0.126140322,
      "vi": 0.0494551922,
      "yi": -0.0274248026
    },
    {
      "d_diff": -0.0353307601,
      "df": 71.6456997651,
      "expert": 0,
      "location": "kansas",
      "mean_ms": 1.2095238095,
      "mean_tv": 1.3166666667,
      "n_ms": 35,
      "n_tv": 40,
      "p.value": 0.8791225874,
      "s_within": 3.0325658692,
      "sd_ms": 3.0358271523,
      "sd_tv": 3.0297198351,
      "sitesource_label": "University of Kansas",
      "source": "kansas_inhouse",
      "t": -0.1526255575,
      "vi": 0.0535795795,
      "yi": -0.0349663162
    }
  ],
  "sample_kind": "delimited_table",
  "sample_row_count": 5,
  "sampled_at": "2026-05-02T09:33:04",
  "sha256": "45f270af5b9079342cf3336296adca30243e2745e7354bfe46e1f1f1ae3afb26"
}